CD8T,CD4T,NK,Bcell,Mono,Gran
202193490115_R01C01,0.102123080289182,0.174904583854125,0.028559133371974,0.072635819063181,0.0533642266001647,0.593555071360697
202193490115_R02C01,0.138303192014188,0.142660192550681,0.0147622821866606,0.0555405284847143,0.109352525942866,0.570334710693261
202193490115_R03C01,0.111450076279039,0.147698072588284,0.0325918183954814,0.0694047723304842,0.052585229497809,0.614797725756121
202193490115_R04C01,0.0480657555883716,0.0662797957074735,0,0.0351431205991756,0.0888687317790277,0.777063311859739
202193490115_R05C01,0.0733204499911372,0.112656679383087,0.00314729244832741,0.0527386638328828,0.0458025601281512,0.731952223323882
202193490115_R06C01,0.0849287873370561,0.124876939903134,0.103703334276308,0.0728498532763154,0.0886361105403559,0.552087864558355
202193490115_R07C01,0.115119817417929,0.160289667895813,0.0484389941657221,0.122032285088773,0.0868137376646512,0.505161950823036
202193490115_R08C01,0.133104171180828,0.162613144862011,0,0.0995375251934108,0.117584409846835,0.525374877103246
202212330092_R01C01,0.134679615048165,0.154524754381564,0.0343901757308745,0.120348097296471,0.0451884217388205,0.534850281606107
202212330092_R02C01,0.0647915427423306,0.133027465681678,0.0763076375403369,0.0949643958772237,0.0758029032295159,0.585738198339686
202212330092_R03C01,0.0843430683283416,0.111233698987895,0.101807929741503,0.0987345028893243,0.0680295474941181,0.562585892412995
202212330092_R04C01,0.115167254194593,0.0998328942781354,0.0109546540329284,0.0910608819538266,0.048067747140645,0.664076824366973
202212330092_R05C01,0.144497830315213,0.210710996630936,0.0468499666435139,0.106082274422005,0.0287397613892107,0.489551200293324
202212330092_R07C01,0.203569046871856,0.179210383794806,0,0.130133832715671,0.0652859388480979,0.450509623021036
202212330092_R08C01,0.12237349389679,0.266652563136953,0.035118563919415,0.128610252857293,0.0701796399985259,0.404926927097079
202212330093_R01C01,0.131925949893987,0.151073756919873,0.0603570708815826,0.100975819674754,0.0707026287248889,0.512316436591024
202212330093_R02C01,0.0957031616756583,0.115502254130269,0.0795659295754141,0.0683376609816592,0.0626161238819559,0.609692004615986
202212330093_R03C01,0.112949490268824,0.172258117497517,0,0.101744491466874,0.0667172191995052,0.57280905612967
202212330093_R04C01,0.119942734507525,0.178131930344286,0.0436369693731185,0.0994052567512825,0.0673391779594776,0.518326881140535
202212330093_R05C01,0.168334462542375,0.217665670660569,0.0526237612873981,0.158642181446048,0.0647075104812857,0.386773136257219
202212330093_R06C01,0.108149121914648,0.140602314966799,0.056144732539603,0.108479108825049,0.0909818557281017,0.521861236225328
202212330093_R07C01,0.0995775068544651,0.113372463224014,0.0118164506026913,0.0871533039575312,0.0782863051009041,0.648247693210208
202212330093_R08C01,0.0982371420600944,0.122586523292456,0.000817020266045351,0.114872970286683,0.0636046862167624,0.628304320481171
202212330094_R01C01,0.0752046302040021,0.138640498093797,0.0402336515169444,0.0936035832262556,0.058463986808581,0.626361442078967
202212330094_R02C01,0.181313219340521,0.194219811422408,0,0.135538536694138,0.0564106857098213,0.465230280864554
202212330094_R03C01,0.172460506886786,0.173656795855985,0.0191258383815662,0.122424045077751,0.094694714172668,0.452752965192375
202212330094_R04C01,0.158021004119866,0.176906432123224,0.0137514156736549,0.09758891435656,0.0804735405724201,0.504729094812031
202212330094_R05C01,0.0876110184679034,0.111420060001142,0.0818592418418768,0.106834216637456,0.0796112977573946,0.566846058133568
202212330094_R06C01,0.138728810168503,0.219349991667432,0.0767343654139381,0.113560273366731,0.0451252975336391,0.434697846964477
202212330094_R07C01,0.104924222427681,0.219991721781931,0.0514934414086358,0.157831589925221,0.0676469395997724,0.429618976562612
202212330094_R08C01,0.10736411819414,0.0990973542495586,0.0752983604313478,0.0501002426600234,0.0754896747085373,0.614272903824433
202212330101_R01C01,0.116281301951132,0.173180853788598,0.019038518675168,0.0732998266522053,0.0786929190960079,0.563059279938524
202212330101_R02C01,0.1330125095124,0.125372607233563,0.00775956822946217,0.0662940321862644,0.0667124806119499,0.620658352782284
202212330101_R03C01,0.0973100074139462,0.0951563868210601,0.00855902212476361,0.11762635661764,0.0719700603734041,0.635514925637457
202212330101_R04C01,0.113007586209749,0.142315400188914,0.00663261985102848,0.10207418153521,0.0803070412220676,0.581368404089616
202212330101_R05C01,0.116994400541363,0.109577031733487,0.0153112282797904,0.0694449529526566,0.0722766556592142,0.644109794915504
202212330101_R06C01,0.0830750827750922,0.108708234487039,0.0472736637378193,0.0826312996204535,0.0569487932445954,0.651361031924118
202212330101_R07C01,0.132346690613151,0.160143244665705,0.0615457173807176,0.0895611242857801,0.0766148524167364,0.505199045892506
202212330101_R08C01,0.0998575925798125,0.133450924908892,0.0130714192498875,0.133051112239073,0.102161236751476,0.551165647976965
202212330103_R01C01,0.0809947656778627,0.146269101158146,0.116927100127376,0.0722715651670188,0.0730498689219569,0.527686086477944
202212330103_R02C01,0.0399884276490761,0.0408662007996812,0,0.0322738718503038,0.0629045509482716,0.833525330804364
202212330103_R03C01,0.153816158805575,0.1853826723444,0,0.127696279683075,0.0338134125587592,0.508159022311214
202212330103_R04C01,0.125886243440489,0.126588699863431,0.0298220990546673,0.0688526995837509,0.0641335697593125,0.593664738718525
202212330103_R05C01,0.0919389589183608,0.140490770294417,0.00137833108458538,0.063777937722259,0.0644237181147124,0.658367032530437
202212330103_R06C01,0.162877416962746,0.248381828175933,0,0.173256472556543,0.0718682609898996,0.367269357514726
202212330103_R07C01,0.0773809721847299,0.115096873755782,0.0137462390328946,0.0503601525568516,0.0645827602540929,0.700394558654589
202212330103_R08C01,0.109067219971097,0.142615350205819,0.0649505289341398,0.0537887604576575,0.0327833609457324,0.624280999026086
202212330104_R01C01,0.0791905928969727,0.160411117528949,0.0828159794419011,0.1173473232802,0.093748225180753,0.502467141393324
202212330104_R02C01,0.0959407148183837,0.11054302484628,0.0182204236463687,0.0457017083109239,0.067232507513259,0.686271864945334
202212330104_R03C01,0.118528319827759,0.122634010447458,0.0565927786304966,0.0843177522619512,0.0522273253317738,0.599162087917932
202212330104_R04C01,0.119581235128255,0.159870265123523,0.0700021229234716,0.0586123373330635,0.0806550286431014,0.537775920095259
202212330104_R05C01,0.158220993786202,0.151966865734098,0.00122344980123418,0.097004984594772,0.0725267918493104,0.550646969703358
202212330104_R06C01,0.131957496882782,0.175658918483783,0.00215082719663387,0.121845929207068,0.0510600638011599,0.540617143339149
202212330104_R07C01,0.143737902796655,0.148440502176806,0.0367867344434884,0.11239013086962,0.0821719712029432,0.515476186503165
202212330104_R08C01,0.105483426225308,0.0988708269861283,0.0148684181629959,0.0933546369441402,0.0810913938208161,0.629571471615611
202212330114_R01C01,0.110870008691744,0.132068338462687,0.0346637483047252,0.0746133001041781,0.0955461145334205,0.579216473158362
202212330114_R02C01,0.0605923224334447,0.0980367693237062,0.0143477027513143,0.0853909441462919,0.0881384288245768,0.681353707199535
202212330114_R03C01,0.115987239621514,0.16840737714417,0.0397004609710966,0.077409101701859,0.0828391573151289,0.541173182221411
202212330114_R04C01,0.056632871674863,0.136141812508675,0.0204368363624349,0.0813358382572268,0.0417288361882334,0.689278307934008
202212330114_R05C01,0.0675142607744294,0.0586336505015729,0,0.0644244793417891,0.0659546610229019,0.765277018958871
202212330114_R06C01,0.142316929258454,0.12504546700602,0.0604878908558853,0.088298953414909,0.0660086046217176,0.547334749666003
202212330114_R07C01,0.0997413881636786,0.0831723571720532,0.0272820319558289,0.0758696393854588,0.084086289668525,0.670749597650071
202212330114_R08C01,0.0922980221333413,0.131324222392697,0,0.090597367557282,0.0838406616381386,0.633197129588226
202212330125_R01C01,0.0927265841389491,0.206837847461994,1.73472347597681e-18,0.111816071249184,0.0652815721024879,0.554719707176372
202212330125_R02C01,0.0903653463944317,0.144266232455177,0.0306632814437888,0.108762476644641,0.0449285323636739,0.612426239247353
202212330125_R03C01,0.147134564499599,0.231135114401669,0,0.135613561215519,0.046709707727585,0.4708054127921
202212330125_R04C01,0.11399100219766,0.23866564856606,0.0154847529662376,0.128981095604769,0.0567699671703044,0.478061670994414
202212330125_R05C01,0.137804660837438,0.190257770080232,0.0573518743914406,0.110155726189165,0.0654156053312305,0.471210558075708
202212330125_R06C01,0.116426908495074,0.109508198550271,0.0333800935679047,0.044883321788977,0.0952515797542122,0.618785799694996
202212330125_R07C01,0.047099000288484,0.0751194376607339,0.0455789691775977,0.0599216595722931,0.0723889407014122,0.727754348779587
202212330125_R08C01,0.0975771920871719,0.121292655327511,0.0306270102917053,0.0720581026763159,0.0375196583576768,0.67299187127437
202212330128_R01C01,0.175052046210977,0.224741328601443,0.0229956557786932,0.111503346143936,0.0616391356551901,0.423485939183853
202212330128_R02C01,0.0754900578605824,0.172761530173267,0.108644625690162,0.0572135492256544,0.0322874994514412,0.577933638869285
202212330128_R03C01,0.154059962680063,0.210008979261655,0,0.101904228310462,0.040603075423649,0.52805924524899
202212330128_R04C01,0.108028683361122,0.131631051677869,0,0.0955701939471482,0.0735660506562269,0.61079657000892
202212330128_R05C01,0.0955700361564652,0.164550208850947,0.0180766461530709,0.0704150035107048,0.0822605419477083,0.589506731099656
202212330128_R06C01,0.036694402690169,0.0661723668196151,0.0438931046577495,0.0787634320729075,0.154627720420979,0.638940758691029
202212330128_R07C01,0.0865056688894931,0.124479413076648,0.0170394637236997,0.0818017452288251,0.0566112481145418,0.657875010179759
202212330128_R08C01,0.108099074681285,0.103827296838961,0.0181560975263409,0.0810195546956474,0.0825580787995764,0.630071774289466
202212330136_R01C01,0.0859460293843809,0.136100618281459,0.0324802805764356,0.0744871114555379,0.081571804262853,0.616981890497671
202212330136_R02C01,0.0881222866596541,0.0933321312785013,0,0.0846451867817378,0.0686600362768489,0.690522786653941
202212330136_R03C01,0.111882998819634,0.161501820987105,0.00365715584679355,0.0876705197280914,0.0644692053085546,0.601540400347972
202212330136_R04C01,0.160192814575669,0.200591531358153,0.0240433944821726,0.0750337975722371,0.0505617516993303,0.505559865218621
202212330136_R05C01,0.10071624755776,0.223682296410998,0.00716286364151681,0.112353008083882,0.0652466777888248,0.519597635005379
202212330136_R06C01,0.0901361504161919,0.117890110685826,0.00980190305484661,0.0924287792618549,0.053889799690796,0.667370979036954
202212330136_R07C01,0.105521997264478,0.133542716650678,0.0170530434168735,0.0880079368577862,0.0993744433393153,0.585868888359738
202212330136_R08C01,0.128621016113578,0.108990885145929,0.0660153942234564,0.0418312006884477,0.0933984850151341,0.581829876240224
202212330145_R01C01,0.105810473036528,0.197750697733814,0.011644782490965,0.0952884570426395,0.0201436482852108,0.58654943392471
202212330145_R02C01,0.101547836145949,0.165692149195769,0.011263505847983,0.112854058368026,0.0846260094963458,0.541949102343921
202212330145_R03C01,0.0882787828252239,0.0899661085756131,0.0132703946372483,0.118776635917749,0.0654453658580333,0.640362061121722
202212330145_R04C01,0.0885856595035205,0.171520660200599,0.0264216450571261,0.0906014860930969,0.0665659278656835,0.572448310139909
202212330145_R05C01,0.165100760249722,0.256220967494637,0,0.155896790178702,0.0107683087402376,0.423815034317055
202212330145_R06C01,0.0448273124578469,0.0955189302900522,0.071869457235782,0.117602550531225,0.0859882592533508,0.612083501866314
202212330145_R07C01,0.0882021068773355,0.151349783148458,0.0634780263187715,0.074339981475009,0.0411701813908212,0.608809515911521
202212330145_R08C01,0.0409224563256987,0.0236420016819978,0.0492110458892085,0.0345608547468715,0.0231206029410351,0.838948725058281
202212330147_R01C01,0.0745391613134716,0.131803077740039,0.0579355149475095,0.121704751053344,0.0682066580630196,0.579830542174287
202212330147_R02C01,0.127715972589962,0.14233150015293,0,0.0746630082956906,0.0686930268437807,0.608850943628991
202212330147_R03C01,0.116319726790922,0.114715170842857,0,0.109774042590404,0.0626062350581308,0.623482715188772
202212330147_R04C01,0.104019666452085,0.172703345593061,0,0.125667359714483,0.0666078828272651,0.549667045969498
202212330147_R05C01,0.0824539864728121,0.0934504108506205,0.0226593318505829,0.0892225811869867,0.103654665045672,0.637285944852141
202212330147_R06C01,0.0978897741285218,0.132895573541701,0.0207740211168952,0.0656537962183414,0.0363096823214057,0.680092687734464
202212330147_R07C01,0.147088476454677,0.121590492571532,0.0238478249022375,0.0938987317621906,0.0515116731016468,0.590883127014627
202212330147_R08C01,0.160290058603982,0.288262224166901,0,0.112992074786905,0.0637078985921202,0.403210406499265
202212330158_R01C01,0.119715232677623,0.144556354223336,0.123161411748026,0.104424163385261,0.0373071201914388,0.50838326147409
202212330158_R02C01,0.152634337429734,0.206714275061939,0.025938494761158,0.0656679603292445,0.0538059424498844,0.512667774917646
202212330158_R03C01,0.112726898513932,0.172753002699127,0.0682924081620092,0.119213946323482,0.0757792660327791,0.488822621116229
202212330158_R04C01,0.0514520513206371,0.1010542504968,0.0196655464983999,0.0346041332149681,0.119908575274146,0.685090941453461
202212330158_R05C01,0.182053024392832,0.280877291690452,0,0.110857113501041,0.0489019915605318,0.404920451560113
202212330158_R06C01,0.115860772574241,0.251987567899719,0.0402540915648623,0.131115191400264,0.0533307564921173,0.434103336050076
202212330158_R07C01,0.106856605675238,0.196119025074729,0.00932902102037929,0.101584606297499,0.0502011886347462,0.557532402008242
202212330158_R08C01,0.126329914313237,0.180413415648446,0.0125894629364598,0.121636527678624,0.0728318120981569,0.530618315248032
202212330185_R01C01,0.221216970925222,0.148243962184305,0,0.0795463717757307,0.0734738280436004,0.49485350000993
202212330185_R02C01,0.131122984126122,0.136558182023204,0.0258112648490641,0.0903825069324178,0.0541241845308023,0.584442731791854
202212330185_R03C01,0.110931710125782,0.187202671541842,0.0308737848959279,0.119373569127055,0.0603899320871565,0.520878026904103
202212330185_R04C01,0.116410563474026,0.209686932119183,0.0373763968052537,0.10772173490555,0.0622630133696931,0.487034566297158
202212330185_R05C01,0.109517295645137,0.118664640979827,0.0186402422050455,0.0834423322586445,0.0890883821994422,0.602887989729435
202212330185_R06C01,0.133401496328358,0.196617834155472,0,0.11056417394936,0.0812460077077375,0.50418709196427
202212330185_R07C01,0.0492448326163822,0.0687079454393698,0.0462194964531888,0.0583708307272692,0.0506249879785885,0.738957885915454
202212330185_R08C01,0.109203623275468,0.227548497409584,0.027273857488389,0.0745610451129024,0.0502830523269063,0.530620154262375
202212330269_R01C01,0.112685550807978,0.132240120136523,3.81069351481593e-05,0.0751282873926434,0.0645656217196848,0.648272665179416
202212330269_R02C01,0.12832959982179,0.143712604491903,0,0.093273915867024,0.0603446928995418,0.593889014495653
202212330269_R03C01,0.0809136933661851,0.128557281902208,0,0.117716380422128,0.084262071102084,0.617855712571321
202212330269_R04C01,0.113795671589128,0.134939219414717,0.0246849370284507,0.0868056081132227,0.0612833065607622,0.610949483361055
202212330269_R05C01,0.150599893929438,0.148751894666933,0.0170508880643962,0.0754811070154667,0.068690123934695,0.569260825527572
202212330269_R06C01,0.148743179026681,0.214468489302504,0,0.108158687868818,0.0521925148119207,0.501317526399079
202212330269_R07C01,0.0891146151110904,0.124555909596884,0.045556296879776,0.0526670482624663,0.0252909219757508,0.684644722928203
202212330269_R08C01,0.116031769444414,0.161435460034473,0.0322179695162485,0.120863220646666,0.088553845471951,0.527970726584422
202225190186_R01C01,0.0689027187786409,0.171087311719734,0.0067729526668117,0.140112211151148,0.062048893541938,0.576899470357594
202225190186_R02C01,0.0976569074368879,0.0960343936825921,0,0.0750798403384084,0.0845390325437512,0.672895146597232
202225190186_R03C01,0.0466441852227145,0.118002871727285,0.0586187670248389,0.064956502951027,0.129497104787117,0.605056359749053
202225190186_R04C01,0.0659366724150956,0.225503720082676,0,0.0804784450656454,0.0652426502122262,0.58346959466408
202225190186_R05C01,0.071859525898346,0.0986481990729206,0,0.0675162520161928,0.0581027866976207,0.729380967592027
202225190186_R06C01,0.0964166015171064,0.117438518856863,0.0343635148545236,0.0627902486314655,0.0875591651189289,0.627646175557394
202225190186_R07C01,0.0508443184689998,0.127188135762088,0.0369633434558902,0.0625731810757329,0.0841734959394493,0.655841690009398
202225190186_R08C01,0.0825467761854025,0.170344649185346,0.0280721433149895,0.0865446405967255,0.080279436216515,0.57836189652658
202226320032_R01C01,0.109910641014169,0.114998876996418,0.0140384290943325,0.0918987060081826,0.105458515863652,0.590119732881065
202226320032_R02C01,0.148645946738074,0.115190570170936,0.0304787126589645,0.076857559556691,0.0764631741544688,0.577222326377307
202226320032_R03C01,0.106729783113582,0.138646720689183,0.00281092813328948,0.0597858994288717,0.0918092907547394,0.626718230903619
202226320032_R04C01,0.149492084009291,0.222390430189645,0,0.136737917074642,0.0516371333393655,0.478048836994661
202226320032_R05C01,0.0902463467542947,0.123088069197814,0,0.130418332128679,0.076916939932149,0.603926090675475
202226320032_R06C01,0.120275400113472,0.197856931071957,0,0.1303265245765,0.0652377649068031,0.513090831506268
202226320032_R07C01,0.111499971959185,0.131343759692395,0.0185922504416471,0.117896770862426,0.0706556456379711,0.579231319327378
202226320032_R08C01,0.109087239469754,0.159100160994505,0.02152698189485,0.0912712006343056,0.0503243339429308,0.596020446962473
202226320101_R01C01,0.0416912056734523,0.0888958071548703,0.0238976404248993,0.0636727842812472,0.134149453698492,0.665552580779463
202226320101_R02C01,0.139794045489756,0.178745592354143,0.0741467231947971,0.124231551561678,0.0466705790537385,0.466527586866547
202226320101_R03C01,0.112398298208816,0.163609159970206,0.0568413987820198,0.120441538442389,0.0656280765005686,0.499097428516617
202226320101_R04C01,0.118762330956427,0.134515653561524,0,0.0723680829371077,0.102147124080778,0.587920164913141
202226320101_R05C01,0.11204713718831,0.13727784446457,0.00996624468963083,0.125399159180201,0.0510888568879097,0.594513620269751
202226320101_R06C01,0.100145891345558,0.168446918526348,0.0683149872324962,0.0810585456774239,0.0837560794836216,0.518896939397495
202226320101_R07C01,0.0846325107289981,0.134821824519995,0.0424844643941617,0.0732321274031232,0.0557541078180592,0.627767541728874
202226320101_R08C01,0.119897590736505,0.161481624304861,0.0203952630640931,0.0841428442374594,0.0583653361720334,0.579996563257163
202226320102_R01C01,0.160899135687383,0.129620317428813,0.0399017582959606,0.0835446049801437,0.0983959834044225,0.519824157592694
202226320102_R02C01,0.135124629578971,0.123213411100815,0.000260381414509641,0.0964826071899138,0.066177355453738,0.606985173282629
202226320102_R03C01,0.138914661540198,0.176583461258969,0.0269373831392529,0.078499052119724,0.0508131002263916,0.556500329619042
202226320102_R04C01,0.108183283646094,0.0969266934291108,0.00980072919622507,0.0888004837386722,0.0816903300548285,0.641330738430281
202226320102_R05C01,0.100673208129859,0.165138493558941,0.0935764330866364,0.0919171940434766,0.0690897362345138,0.504178277186906
202226320102_R06C01,0.105451965947487,0.207599386611938,0.0431092003302596,0.0703809614079473,0.0751832351610218,0.516714483621979
202226320102_R07C01,0.0884614068681267,0.120023782867691,0.0264738338262662,0.0587168737850339,0.0437172977904876,0.679616598776261
202226320102_R08C01,0.136039412494976,0.219629661930105,0.00202415038244618,0.0955370838870741,0.067818987372156,0.499735613951234
202229250131_R01C01,0.114120272109507,0.193921409880343,0.0184271905084472,0.0743133143172296,0.0337217316969975,0.589662742849009
202229250131_R02C01,0.106334933656145,0.116390376568055,0.0438103557273692,0.0744171773497831,0.0573169898385451,0.630907336930744
202229250131_R03C01,0.148781862142986,0.28848291088973,0.00758643323948086,0.144151913340931,0.0559318700154639,0.391764532152637
202229250131_R04C01,0.113968963995357,0.163040968613586,0.0602606261956486,0.0549636161093714,0.0606403627380401,0.565293453347378
202229250131_R05C01,0.104809171811319,0.219634320540759,0.0211493911682477,0.171510587804562,0.107533219988042,0.413119736563647
202229250131_R06C01,0.0977005805207235,0.158415893483143,0.050204184743985,0.102727461988819,0.0720312690663312,0.541940056733066
202229250131_R07C01,0.121955567915687,0.130448495621861,0.054397026985858,0.0855913279791193,0.0686979050947237,0.569797238363335
202229250131_R08C01,0.104832650561976,0.133283565656494,0.00227841677960299,0.100369489526849,0.0705749902208054,0.617035021933819
202229250133_R01C01,0.143815629713761,0.152458278610839,0.0497041002861667,0.119746353254485,0.0906354370412411,0.467560292629922
202229250133_R02C01,0.0878683729579071,0.140083225713803,0.0210642069344169,0.0690996527113112,0.0660776761262448,0.628192894974293
202229250133_R03C01,0.0724170477827318,0.106824547774788,0.0746255193094209,0.0765984949499903,0.110172077107775,0.598418781834756
202229250133_R04C01,0.0991312176404594,0.215079487897399,0,0.196162549168799,0.0593945263110332,0.454629564844265
202229250133_R05C01,0.078762949343603,0.135246606171432,0.0221289403862386,0.0776852062495157,0.0440774045036394,0.667935202741203
202229250133_R06C01,0.135244389955908,0.194263787292194,0,0.0806066073320366,0.0666704946797954,0.544192201610274
202229250133_R07C01,0.0886876764867847,0.202002020529875,0,0.093165922477381,0.0495267464351649,0.586399100242528
202229250133_R08C01,0.0971006017190752,0.180060956077636,0.00798645540362575,0.0883673223469988,0.0591252144838272,0.597554243072525
202229250170_R01C01,0.116158218167299,0.118136592303555,0,0.133186784821076,0.0747082169184093,0.585842583734851
202229250170_R02C01,0.0811994666495227,0.149504343726947,0.0165188536122637,0.0931717119758161,0.0529669684451737,0.637171652401024
202229250170_R03C01,0.0634519326739353,0.125777058488496,0.00926691191252372,0.0931816743753509,0.113741627400617,0.61684234800968
202229250170_R04C01,0.128905656045668,0.111901810924102,0.0327095679165801,0.0824073487096492,0.0781717168289145,0.584844655037424
202229250170_R05C01,0.0932211823090612,0.0960181643418323,0.0653768223335168,0.0961116295245109,0.0959752149240563,0.588673462277097
202229250170_R06C01,0.081263062695514,0.134105889970848,0.0337253629406971,0.0806789536262753,0.0679155122012962,0.631368817949929
202229250170_R07C01,0.068087418164357,0.0596724794820923,0.0429038476251623,0.086120521838391,0.110046685478967,0.65534544446701
202229250170_R08C01,0.122544514779333,0.176149145901116,0.0971419633903127,0.0881434419538509,0.0441093623365679,0.497421762656377
202229250185_R01C01,0.130005998505723,0.22673371560216,0,0.126558191743882,0.041723747297471,0.500040013049221
202229250185_R02C01,0.138861725559967,0.16763348908633,0.0848970356478343,0.102885475603188,0.076157775018223,0.457091446609077
202229250185_R03C01,0.0753928673015397,0.238746804381006,0.107454188839458,0.131287127737216,0.0531137324071153,0.422749666749064
202229250185_R04C01,0.0875162657933947,0.183011847101931,0,0.0625663837378915,0.0661990982171636,0.618700485527251
202229250185_R05C01,0.126966864472286,0.123367306452,0.00530707481538393,0.130710381953896,0.0718263330231875,0.575479031516419
202229250185_R06C01,0.112141013831676,0.187901665285604,0.00565219625278642,0.105056393905299,0.0697545564994823,0.54543722421688
202229250185_R07C01,0.159728605267687,0.199655510415699,0.00414794438851903,0.0692861786478018,0.0568973804854983,0.534193064850729
202229250185_R08C01,0.127681153181438,0.137965301647776,0,0.0791658559731556,0.0959968901079531,0.578216976848852
202232360041_R01C01,0.076516494241713,0.206437486263757,0.0531148599574514,0.0752480668378644,0.0729010971998173,0.530388887975677
202232360041_R02C01,0.102419607787769,0.117894704648101,0.0819590945197979,0.0986926739696166,0.0666999175421419,0.546342805008528
202232360041_R03C01,0.0608314017299905,0.105308236374174,0.0209461258548836,0.0689274045902903,0.0818965318567866,0.674507479847578
202232360041_R04C01,0.0912810760041817,0.112450039756307,0.0102242451907782,0.0542244738530283,0.0940412898784041,0.650696101802747
202232360041_R05C01,0.0779568981248298,0.249946439710503,0.046597948313717,0.148231697800003,0.0565191031105097,0.442145650456257
202232360041_R06C01,0.0822375274082719,0.181786653484032,0.0743832305436417,0.110995958028146,0.0485665709152283,0.512126104485469
202232360041_R07C01,0.0692571329758875,0.195291952782701,0.0702793463548535,0.13878166289466,0.0432070854401759,0.497418019231494
202232360041_R08C01,0.0609213745423504,0.18158707746107,0,0.0810147765423091,0.0431474059624467,0.651710413107191
202232360090_R01C01,0.104228149045449,0.221737354291528,0.0556529010903483,0.107262699743652,0.0374833071380253,0.493079833211084
202232360090_R02C01,0.0561216877542699,0.139588842896698,0.00568586257277053,0.111417102689533,0.0818027561627068,0.632663889424494
202232360090_R03C01,0.12402999790478,0.131072823466509,0.0206390519947905,0.0857813692688612,0.0565030340539311,0.604692050580383
202232360090_R04C01,0.112986906750704,0.110450467416164,0.0258074224535689,0.107073652257554,0.091894213453798,0.56872948828637
202232360090_R05C01,0.108978917509656,0.12400091963983,0.0536546351517187,0.094632320473302,0.085784576770634,0.558067185191643
202232360090_R06C01,0.0569684984340783,0.126106178552438,0.000637342506554705,0.09012368839649,0.0557124340456001,0.687316539054151
202232360090_R07C01,0.100809496505919,0.108405562456274,2.16840434497101e-19,0.0479009951574557,0.057893060773117,0.702285103804648
202232360090_R08C01,0.124566917768649,0.149284169322532,0.0487415818065672,0.0748442144447065,0.0629303716720703,0.558146618676497
202232360147_R01C01,0.0584431697769885,0.0628265505195046,0.0072025301235985,0.0533696079773737,0.0387181876516478,0.790783562272929
202232360147_R02C01,0.160136580061343,0.13867500149173,0.024385900999968,0.0405035018393881,0.0593931080687123,0.584160547383207
202232360147_R03C01,0.100562298733392,0.148646326723447,0.0261058911891965,0.124799816269109,0.0445215957735779,0.580783590073386
202232360147_R04C01,0.117151661939341,0.158145978849227,0.047162241248331,0.0603727117664936,0.0691442661505187,0.563034620545193
202232360147_R05C01,0.159817411638526,0.242415628830975,0,0.0896823581854422,0.0409873957374804,0.489695820764224
202232360147_R06C01,0.129171006565811,0.22088325052752,0.0231209049302788,0.106287243402448,0.0466022484233232,0.484374453107217
202232360147_R07C01,0.0862013068185103,0.200112803426404,0.0524016102014829,0.0706972354310497,0.0425817998664121,0.552730253298056
202232360165_R01C01,0.104612884605079,0.161233601254031,0,0.0795204939491026,0.0512125981857295,0.620774777605305
202232360165_R02C01,0.0642584764615245,0.16255324518715,0.0182985331246004,0.0872979087959306,0.0658797406176942,0.609597960839803
202232360165_R03C01,0.0672029697654949,0.16486827717663,0.0447491728475082,0.089494068859104,0.0969105631864023,0.545283584021722
202232360165_R04C01,0.10613972036723,0.197464292026529,0.0197728521312057,0.0612447226063554,0.0690382089836219,0.544092813082636
202232360165_R05C01,0.10337646691425,0.183844218276048,0.125635555364994,0.0554541777327875,0.0536257263049334,0.491195554980468
202232360165_R06C01,0.150557181257567,0.147494600675983,0,0.109327663984418,0.0703939089039923,0.528498432210689
202232360165_R07C01,0.123426977612352,0.173775658922186,0.0217633605870191,0.101589111132338,0.0624714530783906,0.527047784781374
202232360165_R08C01,0.0517086450994648,0.192035390039935,0.0339052974352951,0.12795884265118,0.0837389420723304,0.523862558035492
203244490005_R01C01,0.101007426155617,0.146631991408148,0.0201041119381707,0.0607646498906874,0.0566522921657988,0.644382477044004
203244490005_R02C01,0.134283671830806,0.126278262565345,0.0355038530511588,0.123386977801284,0.0554677550179848,0.558129084383541
203244490005_R03C01,0.119712063757289,0.126728282532677,0.0546665436623435,0.109901301747093,0.0852992632263002,0.529329977491094
203244490005_R04C01,0.0900793437304612,0.153355055080543,0.0785581409616968,0.0986655058011294,0.0579194767758843,0.546847336110776
203244490005_R05C01,0.17883638671219,0.21875472258884,0.0956351814807313,0.0660039193049743,0.0618645686393329,0.403911252283787
203244490005_R06C01,0.1444041433786,0.157088544910097,0.0243262795182024,0.100743137207826,0.049839519170598,0.555599044892912
203244490005_R07C01,0.11898397996699,0.140776057126519,0.0374810660722609,0.118965579106313,0.100078634210712,0.522957583603271
203244490005_R08C01,0.14705829914336,0.132382935631066,0.023432306823731,0.107301402813781,0.0787645718359597,0.546547591188686
203244490006_R01C01,0.117256358040876,0.161644322685559,0.0291678582547591,0.107616835609838,0.0352243064253962,0.572950013335163
203244490006_R02C01,0.108803214957441,0.130135116215313,0.0203108121940837,0.096586484961262,0.0752754124001598,0.591863003968919
203244490006_R03C01,0.0910588852516039,0.131326948781145,0.07777613077107,0.133723946973144,0.0831977081678605,0.51735111108111
203244490006_R04C01,0.0917465622005974,0.119381596035883,0.0522878973345491,0.105052280763952,0.0938495078865544,0.570566462497242
203244490006_R05C01,0.107826160733189,0.135674068798901,0.0313190362625848,0.0670345136477752,0.0893648842650494,0.59304776424456
203244490006_R06C01,0.106512512337838,0.106805916587164,0.0678298652492279,0.0805131836597782,0.0887966440134043,0.577123165510361
203244490006_R07C01,0.115289168889216,0.169448181812295,0.0319835931729229,0.0979068400620901,0.0789012915461115,0.538489411665
203244490006_R08C01,0.161725545666071,0.17032940703939,0.0626246182291666,0.121007144476109,0.0693059814266374,0.453868184984466
203244490038_R01C01,0.175186896766898,0.195606494656193,0.00752317948097497,0.118333624314365,0.0519616361525664,0.483768599252062
203244490038_R02C01,0.13583465140033,0.119312571118584,0.0118373583098686,0.101529158596416,0.0534579705375075,0.612592079125393
203244490038_R03C01,0.105516763481155,0.128907980191658,0.0798017104623473,0.0732080230323652,0.0739937880955363,0.578873646626456
203244490038_R04C01,0.0940401040632767,0.108843329731011,0.0321209265761498,0.0840989887022823,0.0617695222091749,0.649696415225958
203244490038_R05C01,0.1374910521937,0.172172855822456,0,0.121099126131077,0.0884046448282281,0.503401694667648
203244490038_R06C01,0.116867059077891,0.160380155034114,0.0199821207063986,0.0849317631366784,0.153184126564195,0.494926602264529
203244490038_R07C01,0.157263485152766,0.185038444474579,0,0.132872903756347,0.0239070364323858,0.537046891850377
203244490038_R08C01,0.0783668689517061,0.128807686250644,0.0100819056850223,0.0791950891734196,0.0763262929011783,0.656068235604342
203244490057_R01C01,0.135796586910193,0.141927668667443,0,0.0574582181256382,0.0717486105123473,0.612733794461481
203244490057_R02C01,0.0664304131918783,0.144348098696038,0.0725523608299322,0.0361155673636275,0.0756418583329344,0.615151164547916
203244490057_R03C01,0.0437194074330436,0.0439456854288114,0,0.0309389215193083,0.0715776580604162,0.816822756643714
203244490057_R04C01,0.110955961868514,0.0950268427396289,0.00522096855300427,0.046966112653019,0.110662066503026,0.631341402248784
203244490057_R05C01,0.0498964415177291,0.136238618547865,0,0.0458928122717655,0.0801875376087488,0.689543279243393
203244490057_R06C01,0.103092700447147,0.18441469393546,0,0.0589657869268709,0.0669242860166483,0.587238127354864
203244490057_R07C01,0.0518040941119893,0.137717004097249,0.050738806576643,0.073669165934334,0.0778859569148102,0.622737773406889
203244490057_R08C01,0.113719851747943,0.182847527028196,0,0.121546492401359,0.0540341775068193,0.539823528964232
203244490128_R01C01,0.0551389261225643,0.0868170787360861,0.0804097372237461,0.0700344461826152,0.0649124466120095,0.671418474236537
203244490128_R02C01,0.126693788270459,0.123709631098926,0.0277288168709702,0.0730828024071971,0.0915434085554659,0.58686407869432
203244490128_R03C01,0.0995609801697092,0.141962777601072,0.0887050143839125,0.0734957006862887,0.0520603926106736,0.564273808238886
203244490128_R04C01,0.104517773473999,0.15044050408701,0.0581797488907021,0.125444791218678,0.100967017865179,0.474925168698675
203244490128_R05C01,0.159607428444472,0.187581726201643,0,0.119063508907805,0.0449275479622902,0.499296337332258
203244490128_R06C01,0.0868646262285245,0.17489716531533,0.0547785660896205,0.0983008382887004,0.0713223479257633,0.525852345236469
203244490128_R07C01,0.113394320958738,0.151229255424301,0,0.0955447748093374,0.083355562548886,0.575259563404671
203244490128_R08C01,0.206597906764334,0.122194242280914,0.100013178621638,0.0539210899361538,0.109499599366861,0.426821311974509
203244490151_R01C01,0.104827005346672,0.170184763899628,0,0.0529934550936705,0.03782117617114,0.633853806485974
203244490151_R02C01,0.150294646188728,0.113976999587296,0,0.124534846246512,0.0943716750930689,0.543177787471154
203244490151_R03C01,0.116797919210658,0.127103665671484,1.73472347597681e-18,0.116791216119555,0.0724505601405367,0.594998406214425
203244490151_R04C01,0.134953402809107,0.110112759125154,0.0040612532659642,0.091740121628384,0.0690381273414629,0.606915011822536
203244490151_R05C01,0.130715947914076,0.137413252253268,0.0623277434246192,0.157422707655982,0.0477342981010065,0.495238623767021
203244490151_R06C01,0.0942156966881351,0.117940662880805,0.0216596892994308,0.0598429500058981,0.0887477766221686,0.632396763102065
203244490151_R07C01,0.150727884578811,0.126172754592849,0.0263531128393323,0.0676032682921709,0.135346533849501,0.514448968082911
203244490151_R08C01,0.0970072416207111,0.149710225671021,0.0500062391711088,0.0658586850710722,0.0742788383841478,0.573330680347104
203244490183_R01C01,0.146047916280974,0.179408562605655,0.0322923338017375,0.132231020722585,0.0671588929698606,0.479309318913896
203244490183_R02C01,0.122690690238098,0.176393621671327,0.0236822602500049,0.110998296470055,0.0578132324414869,0.548592026219602
203244490183_R03C01,0.1496919091876,0.19637221790751,0.0421382342636152,0.0790485682630574,0.0748762010709049,0.482004644198232
203244490183_R04C01,0.116520348900882,0.186210724107501,0,0.136723899101717,0.0472809519858237,0.541378145472995
203244490183_R05C01,0.13473465761231,0.185172984440631,0.047830671400855,0.106698479793539,0.0819535662671404,0.469466607774236
203244490183_R06C01,0.0467063253716726,0.0451510953147587,0.0342260350507634,0.0658955653900758,0.123157138057959,0.706762985162345
203244490183_R07C01,0.11553995064969,0.146056069478884,0.0488556939819684,0.118402831495572,0.0657038587744658,0.540340501053932
203244490183_R08C01,0.101588423297535,0.121739122022168,0.119026002033687,0.132515648490813,0.0677453095977829,0.494174682445704
203244490185_R01C01,0.0953017746994224,0.125709096422175,0.0781163234763026,0.0946502870464628,0.0696669629803607,0.566623564242452
203244490185_R02C01,0.145301078761146,0.16492962046752,0.0206423096172489,0.076227125979195,0.0941730349413443,0.525391095404372
203244490185_R03C01,0.164514655797284,0.204163349571535,0,0.0637951163786112,0.0717946313178627,0.523019861806881
203244490185_R04C01,0.108223581164965,0.131704177401462,0,0.0770732557284475,0.0701857358041914,0.618614424350684
203244490185_R05C01,0.144259512743918,0.163501690824648,-1.73472347597681e-18,0.108511647586383,0.0631218795507546,0.534625743051477
203244490185_R06C01,0.131581875675028,0.220438448354064,0,0.148146977361267,0.0488667850855372,0.463906226348783
203244490185_R07C01,0.0860127973088134,0.169242536205707,0,0.108778425397629,0.074292371453046,0.581105742088871
203244490185_R08C01,0.0835947596715581,0.124800927583376,0.0394865537768953,0.0925992916617127,0.0452302309750726,0.647677872919802
203244490199_R01C01,0.158776192534429,0.197271675103441,0.0261693976912146,0.0847935498106999,0.0720675892109688,0.47349700264513
203244490199_R02C01,0.0811651494393217,0.109886086776355,0.0362539982873353,0.0568244126024362,0.0426462880470818,0.689543054697397
203244490199_R03C01,0.0987501877098367,0.140474365557183,0.0306648392180375,0.07923989103244,0.0745185879349799,0.599612662739662
203244490199_R04C01,0.0847614268944194,0.171149152348218,0.0363071323560819,0.0957541222089305,0.0809980525992536,0.546627258943749
203244490199_R05C01,0.190804045107719,0.260357888362834,0,0.0669878926348639,0.0376405938366741,0.462597681189224
203244490199_R06C01,0.0523040282142779,0.124317815235272,0.0722383192493286,0.0619774126487511,0.0722178317585174,0.631465202566021
203244490199_R07C01,0.13193597282916,0.267551503437646,0,0.110810630573575,0.0709389199080506,0.436112943065245
203244490199_R08C01,0.113271452178082,0.125206271922745,0.0448056456053911,0.103528846955438,0.0791910910965681,0.56711915807027
203244500028_R01C01,0.138959315215322,0.159363065383511,0,0.122647746807686,0.103842077740846,0.490485264404247
203244500028_R02C01,0.0594934929361238,0.197217222253835,0.0555992614703655,0.0868805555624408,0.0734426062816372,0.545189918605477
203244500028_R03C01,0.0679307506356266,0.0554776699754308,0.00772959311617371,0.0749957618124965,0.109366243026661,0.704173501180254
203244500028_R04C01,0.116955239792151,0.210056417054101,0,0.123451235531311,0.0747528331532599,0.49434791615098
203244500028_R05C01,0.0763832835916177,0.109212586122137,0.00957232894443257,0.0656567750574098,0.0707620956059326,0.676590928690261
203244500028_R06C01,0.142426940581246,0.177683944864027,0.010740050586323,0.120273739634914,0.0821720448847704,0.482205668947982
203244500028_R07C01,0.0611635497241275,0.153789321360313,0,0.0746555061778982,0.0507119868952037,0.670189881212019
203244500028_R08C01,0.110723107831101,0.188430988364068,0.00161786614462511,0.0620037577671543,0.0357068074244944,0.613900546496142
203244500041_R01C01,0.087237870025082,0.138172935296729,0.02696124489629,0.0722260740793083,0.0729100630654846,0.630411476424738
203244500041_R02C01,0.143407276683335,0.171787114420797,0.0110234221334014,0.0734808704506681,0.0258222682893006,0.602426677765257
203244500041_R03C01,0.0781002499570617,0.0932933668941364,0.0371011078289333,0.100939387925607,0.0619452644073861,0.656469627122428
203244500041_R04C01,0.144121579749732,0.176721648854772,0.00441826987228778,0.0940315256036798,0.0508402022746741,0.552368398741444
203244500041_R05C01,0.13232374665781,0.143019367591096,0.0178710167743792,0.072112505365166,0.0811263429156632,0.57621219900254
203244500041_R06C01,0.123951840509594,0.148544628889996,0.0309228483949906,0.0888406628653319,0.0557660741084014,0.579476530172971
203244500041_R07C01,0.120550442643775,0.140876148938481,0.0454925578628662,0.0909546825395647,0.0599508136112202,0.553413765047183
203244500041_R08C01,0.0462543874668459,0.133247885031336,0.115296254387711,0.0686249784232165,0.0817018224081663,0.580475881588762
203244500144_R01C01,0.129588916181592,0.166241830828296,0.0460933767972296,0.143154911723354,0.0201599982679194,0.513308515729231
203244500144_R02C01,0.165977182035366,0.169780119884357,0.0228561276831807,0.0577095951753036,0.0745115258964874,0.518139597211367
203244500144_R03C01,0.0365253432900142,0.0274778246037097,0.053925214401448,0.0434033940822408,0.133423026380397,0.722128438015319
203244500144_R04C01,0.100518266779194,0.11894679592898,0.00818393889492168,0.0613448948867402,0.0440843882690707,0.678419363253646
203244500144_R05C01,0.109715634916485,0.164436980132252,0.00847874082126666,0.0794795831628202,0.0647894421830081,0.588610747015007
203244500144_R06C01,0.0817301689816407,0.166473493272612,0.0278143263050631,0.103938004478496,0.0870326743646182,0.546371087691449
203244500144_R07C01,0.122968133827247,0.122596013277075,0.0104491074444014,0.119807954801309,0.0715822819482691,0.567301625682395
203244500144_R08C01,0.114577356700447,0.114162547424592,0,0.0590625998241313,0.0859689979091162,0.638696556280604
203249020014_R01C01,0.122727018241047,0.143089421890113,0.0958191208033433,0.0923383853550745,0.0518503843853816,0.518289113111199
203249020014_R02C01,0.0878462632662379,0.0916667000234044,0.0506128860551589,0.0701966298742263,0.0522219749638692,0.661651241754493
203249020014_R03C01,0.135873808643511,0.168032960647102,0.028394267523362,0.0973162094334995,0.0913886211963085,0.49704760442736
203249020014_R04C01,0.110045066072551,0.140513122749997,0.0284716637523153,0.0861584916838196,0.0690476171595318,0.562062155852924
203249020014_R05C01,0.131170174823967,0.194998540384796,0.0403128026627922,0.0940045690369758,0.0775286105563918,0.468074902528834
203249020014_R06C01,0.0655409000583638,0.100035001077235,0.0124710075868841,0.0538570994009867,0.0521123802445857,0.728345259671325
203249020014_R07C01,0.0767817929507918,0.147855430579638,0.0558181697956281,0.0700105008338988,0.090193631847635,0.573213078692089
203249020014_R08C01,0.148754629905456,0.1864080699819,0.0799853910455124,0.116761064788275,0.0565659575714348,0.431483069013997
203249030012_R01C01,0.0838899227720605,0.154547250898866,-1.73472347597681e-18,0.0787471779746113,0.0388222997449388,0.663962814962808
203249030012_R02C01,0.134694996501244,0.0806117949892701,0.0156348861658455,0.0944521605528691,0.0740673687851476,0.62837624534648
203249030012_R03C01,0.114408381967217,0.179477705671464,0.0665887501062643,0.0796261505434608,0.0745416020138492,0.512533873261823
203249030012_R04C01,0.0980940482908813,0.144868820918721,0.0314825065935653,0.0522306182940435,0.0558254759941057,0.620380688052523
203249030012_R05C01,0.0773602709250247,0.11109286482742,0.0323284715451382,0.0865148076722884,0.0919263928092208,0.611222967239932
203249030012_R06C01,0.0934225994971012,0.136466543526517,0,0.0770448038584438,0.0881696768326314,0.625696636657964
203249030012_R07C01,0.0936431858529025,0.101973650980493,0.0474884416670298,0.048491763926207,0.084305920520143,0.640984054499633
203249030012_R08C01,0.129088606453043,0.157639665126117,0,0.0838380121432241,0.0809109800784418,0.585677561956156
203249030074_R01C01,0.0910538985663029,0.113429246880085,0.034805382265173,0.073774519403672,0.067473165917629,0.638299582786384
203249030074_R02C01,0.0741191724301006,0.0888496696299126,0.0226184974050317,0.0605801801128378,0.066109176271077,0.713581309561048
203249030074_R03C01,0.0871051419947212,0.118410167731065,0.0604957499457569,0.0962032147900642,0.0847667463863021,0.574439928839972
203249030074_R04C01,0.182161311217845,0.212446855474641,0,0.0879103805050425,0.0514086750836767,0.493560585348457
203249030074_R05C01,0.0636776536939832,0.147104294083026,0,0.092722685622075,0.0947965773255327,0.624268521541566
203249030074_R06C01,0.118468520846918,0.179775715939746,0,0.100423248386284,0.0633831088475172,0.561313730726779
203249030074_R07C01,0.0834647213947349,0.11110375836907,0.0738612106644249,0.0694245808000621,0.0553661139596152,0.624363429938606
203249030074_R08C01,0.0824760555244315,0.109773784996291,0.0390246846011081,0.0855563119733185,0.0452931038156986,0.662328237398552
203249030105_R01C01,0.0685722258451247,0.094058514498974,0.0522329939674345,0.0907232736045189,0.0874198098354691,0.630497288768311
203249030105_R02C01,0.136162047383216,0.115594343180664,0.051098237448042,0.0784316196475274,0.0546509455193454,0.592844538093106
203249030105_R03C01,0.123734429960411,0.133641074363992,0.0639947414265535,0.0931295681184011,0.0825099018641374,0.528967963641439
203249030105_R04C01,0.144202010853037,0.154535722718759,0,0.1000540637813,0.0649988791650975,0.556805011410297
203249030105_R05C01,0.0518219001526934,0.101897406822187,0.0049850192518379,0.0649482055925715,0.0802206246348122,0.71594874526665
203249030105_R06C01,0.114282778579157,0.141605064189092,0.0762791333711638,0.0723299976758088,0.0677066342516625,0.547205490702138
203249030105_R07C01,0.11947251883577,0.11536680685488,0.0419327416001296,0.0823358304975632,0.0634921398787835,0.599177856250311
203249030105_R08C01,0.119320676199714,0.160960232774874,0.0103680282157475,0.0947842666829852,0.0764336084729045,0.560534843572368
203249030126_R01C01,0.127104685791427,0.112450688063318,0,0.107809345866748,0.0929010802144763,0.588208254725872
203249030126_R02C01,0.0804923010179539,0.065515468919883,0.0383453130592606,0.0866713554778917,0.108852942876517,0.648046773266182
203249030126_R03C01,0.227107747542769,0.247126524449544,0.0403007046085454,0.0980585653731474,0.0338540830339288,0.38478513617207
203249030126_R04C01,0.103718793480157,0.190619599168538,0,0.0841256707239883,0.0336874611281132,0.603439587923893
203249030126_R05C01,0.11564320197544,0.173957092501483,0.0821024006852699,0.0785327002696272,0.0577899404905298,0.523831674693295
203249030126_R06C01,0.0611861489811856,0.152047164265776,0.0888788502168534,0.103785277663255,0.0748301563676572,0.534838949610956
203249030126_R07C01,0.119969816168151,0.184539857812466,0,0.16157770504098,0.0678092979953195,0.481397494623326
203249030126_R08C01,0.159405788758968,0.205668378378354,0.00308079235995898,0.110745139036536,0.029095146446878,0.536035453453589
203249030168_R01C01,0.133199265190988,0.12272135712604,0.0482202973718459,0.106604433946232,0.078578704697235,0.527700138057562
203249030168_R02C01,0.150310905320131,0.213673436105827,0,0.090578825015762,0.0533386865769679,0.500007357884912
203249030168_R03C01,0.181140892495181,0.224205647097815,0,0.0667723956507724,0.0756488110318673,0.467402729208549
203249030168_R04C01,0.191082103410611,0.18230640582294,0,0.107954521617796,0.0586117055220511,0.48329135038049
203249030168_R05C01,0.0593324452180165,0.132937104962338,0.0407338347684592,0.0501851115673103,0.0712084683735414,0.664073392099328
203249030168_R06C01,0.0555197963429771,0.0798808348036427,0.0211539861558734,0.0815745176229277,0.0633236463999892,0.717480842770007
203249030168_R07C01,0.077713881619835,0.0740698933277761,0.0695393059896965,0.0753343527805534,0.10550023647746,0.622758920369603
203249030168_R08C01,0.13223906886746,0.108046537309127,0.0791090553030168,0.108722018011899,0.0724849456148519,0.531022188838349
203249030186_R01C01,0.0970270782079997,0.137723494877759,0.0678974200111381,0.10896374070926,0.047224733481235,0.562857804345504
203249030186_R02C01,0.0993834515769903,0.200976888459933,0.0312423697460341,0.116965891319482,0.0604941008366436,0.515734775907095
203249030186_R04C01,0.162409458200587,0.162067592971824,0.0252540720843244,0.0851211849412986,0.0684220959810438,0.517812001391325
203249030186_R05C01,0.133277090555071,0.208648930144677,0.0408328843738959,0.118732485584115,0.0660527666431877,0.455213868348015
203249030186_R06C01,0.103548947599805,0.102215576025004,0,0.0832605211325063,0.0759169734917059,0.660678878812062
203249030186_R07C01,0.0893297041771824,0.151561849536656,0.0919522982517085,0.0708789702423287,0.0839416234215019,0.533520160931921
203249030186_R08C01,0.104561831595509,0.140156940521904,0.0200440981881799,0.103536930464206,0.0756196058539573,0.584885247635897
203249030189_R02C01,0.141788561368827,0.106046323038892,0.0542675387258001,0.0761226645337911,0.0733024289677451,0.570851761471214
203249030189_R03C01,0.106418522789194,0.0847479240705906,0.0275820010777288,0.0505194210475273,0.110383770783776,0.645800717808851
203249030189_R04C01,0.115359473152564,0.16386701994165,0,0.0737158508761008,0.0637113191583825,0.598337743680252
203249030189_R05C01,0.036251657813724,0.101649063466195,0.0624504810895192,0.0942315614741536,0.0741175200263883,0.659106639435093
203249030189_R06C01,0.0932637967140781,0.142913318445504,0.00941415305228352,0.0752417287446109,0.0658690402446431,0.628835538857113
203249030189_R07C01,0.180543508799418,0.16525027863044,0,0.132050447248112,0.07353739693986,0.493807210589284
203249030189_R08C01,0.046067703195413,0.142261012196056,0.0325532597654901,0.108041147046908,0.0631273578366791,0.62609486483899
203253040016_R01C01,0.151368727313445,0.129897624573506,0.0206292912155543,0.0822391637375974,0.0491899509185528,0.589358657573991
203253040016_R02C01,0.141497358977229,0.16676787381892,0.0272561445925833,0.0793349525430619,0.0708400067270639,0.539873373965269
203253040016_R03C01,0.174088985879637,0.179295214587881,0.0168275772278669,0.0657028464052581,0.053917190744386,0.533196191043289
203253040016_R04C01,0.111993704950079,0.128040693801293,0.0199066357596593,0.078256640661262,0.0689579553829102,0.615529867857901
203253040016_R05C01,0.058683068454852,0.0789240115096589,0.0555450686779848,0.0438108016649456,0.0943677770269089,0.688047153995483
203253040016_R06C01,0.137103797977539,0.169035401749359,0,0.0543108103177393,0.0749491409405723,0.590849896370544
203253040016_R07C01,0.0789741748278038,0.0401467105284249,0.00581979644308575,0.061382401724896,0.204190266574565,0.62908610488168
203253040016_R08C01,0.12969265633177,0.19149787761821,0,0.12023589361967,0.0711155647228233,0.503408131772154
203271740054_R01C01,0.13414461856788,0.242223328547271,0.0246072664400245,0.0989511058847732,0.0772400060852694,0.454123497383662
203271740054_R02C01,0.209106046407918,0.230861356435096,0,0.109206318784382,0.0395378237108791,0.44789451853362
203271740054_R03C01,0.0714282376842262,0.123550116913305,0.0214484993988893,0.106280232352962,0.0986903913668267,0.603234320394088
203271740054_R04C01,0.0889597089335875,0.0681743410304663,0.087120653623632,0.0630519690576404,0.0695476737339026,0.650529876778705
203271740054_R05C01,0.195351731236839,0.178433126583923,0.0668156578321492,0.0631948702352479,0.0574004091638195,0.472795929484699
203271740054_R06C01,0.0774515038048029,0.189279434593679,0.0224750243518625,0.0819804013280798,0.0965936716406361,0.56620402666942
203271740054_R07C01,0.12536824260732,0.13937726415092,0,0.0670659804942291,0.076613597967297,0.622079217361779
203271740054_R08C01,0.144242308471986,0.241350520870492,0.011583264959409,0.0606532254368966,0.0620382370285185,0.504627454116835
203271750011_R01C01,0.104630659067177,0.12730247453959,0,0.141293702155979,0.0592994390606353,0.606514108206123
203271750011_R02C01,0.0717747782033335,0.229234447841955,0,0.0839183109829243,0.062655317933735,0.571912274862126
203271750011_R03C01,0.158877899494688,0.187483013538248,0.0848591059935738,0.0886533593782567,0.0668249454228749,0.442806061872342
203271750011_R04C01,0.151743708604445,0.169555488592765,0.047254941761923,0.108568249644333,0.0544774970711357,0.485266178190743
203271750011_R05C01,0.0960457701200844,0.0792025099796428,0.102859339969001,0.0933389268677726,0.0877836366953867,0.556493101522746
203271750011_R06C01,0.140338415183914,0.129071567407596,0,0.0886234823501342,0.0770508769624046,0.591283502757553
203271750011_R07C01,0.185426659619278,0.149645274135422,0.0793073162032124,0.0920386767361634,0.0774281954801177,0.436883501777558
203271750011_R08C01,0.131931601627131,0.228500280747912,0.0228492786247998,0.0995162450351954,0.0394973539189408,0.503277785099078
203271750016_R01C01,0.0766005447050187,0.161182504268257,0.0438315897414295,0.0693776152821369,0.104446188675285,0.567370788554562
203271750016_R02C01,0.126750265386825,0.130779937604459,0.0974520875837662,0.0784391840793958,0.0824467426782697,0.516481049628857
203271750016_R03C01,0.0982020703609074,0.129310903015906,0.0224801752426076,0.0771298294907085,0.0696247840805997,0.61924056961865
203271750016_R04C01,0.136714743670509,0.146664672466433,0.0046031960600927,0.0937554748004516,0.094597906046579,0.546080009924155
203271750016_R05C01,0.158150196496313,0.154961799015475,0,0.127590352932842,0.0765093974149748,0.519469772483069
203271750016_R06C01,0.160964073833143,0.167636016499893,0,0.0807922776954865,0.0563329347721399,0.563138695354735
203271750016_R07C01,0.10347352284969,0.163215621042279,0.00107225518790928,0.0509142635435687,0.0359263206386031,0.666695761225875
203271750016_R08C01,0.097103317818008,0.15010519057276,0.0686511218059372,0.0765478404087272,0.103620254169198,0.54436761677292
203271750023_R01C01,0.0904531982792639,0.184526691930499,0.0597273211607478,0.0927034556691173,0.123950233974646,0.469988348438148
203271750023_R02C01,0.120997101924557,0.220333317113145,0,0.0603969416298208,0.0384825667274849,0.581855587750852
203271750023_R03C01,0.132756118807248,0.144801732431009,0.0275963597823683,0.0958427453131149,0.0330462662334962,0.592442373962983
203271750023_R04C01,0.166882713459667,0.18576184165096,0.00151200783918931,0.114823615102091,0.0706189657052169,0.495638209400231
203271750023_R05C01,0.101166221564507,0.12279253583862,0.014593058539279,0.115405443745762,0.0683118904081208,0.609096750595554
203271750023_R06C01,0.139583580658566,0.177950188148146,-1.73472347597681e-18,0.0608181466090866,0.0808575175387939,0.560151952975836
203271750023_R07C01,0.141647093002667,0.101033021369359,0.0807730902589185,0.0561461998810413,0.120679967305425,0.524745909262329
203271750023_R08C01,0.135103509565264,0.097974181865602,0.0252996464499249,0.138895696343017,0.0610146923309021,0.586179695512303
203271750024_R01C01,0.0762393831959329,0.183397902225078,0.0736265276510228,0.0757955928836136,0.077786714536061,0.535872724744006
203271750024_R02C01,0.161754931508199,0.20222400753289,0.00917130203537129,0.131620008312672,0.0396179456418039,0.486591458305359
203271750024_R03C01,0.0793335022183238,0.134185883978846,0.0255537149869206,0.118969790265043,0.0998141756905146,0.576456530157804
203271750024_R04C01,0.0635873367381504,0.154496844113052,0.00302096304074046,0.175419854220628,0.0758766999743513,0.5599603650562
203271750024_R05C01,0.104199678905004,0.105776089829643,0.0256602611722026,0.0788969160692594,0.0975572726682774,0.617500881347843
203271750024_R06C01,0.0826644017070465,0.174491864823058,0.0430019613359931,0.0598080261301633,0.0805267076933093,0.583879697171231
203271750024_R07C01,0.095821343268357,0.168187488013428,0.0029826812988357,0.0824254442668915,0.0706688790922044,0.609937603460098
203271750024_R08C01,0.139249662782812,0.163865285521159,0.00155557472997203,0.13983781617995,0.0542848805040181,0.526411976379579
203271750034_R01C01,0.061128315229742,0.122520196304246,0.0436343079023513,0.0710791437038267,0.0571935013099886,0.663412938451991
203271750034_R02C01,0.117796374127526,0.155144316108036,0.0244536295692416,0.140166099666689,0.0938262772829735,0.49395410144619
203271750034_R03C01,0.114806614004594,0.211933644692919,0,0.102267733777657,0.0766972967394201,0.516913463631438
203271750034_R04C01,0.173870560831818,0.122548547092924,0,0.096822979375367,0.0646354774566194,0.564483390595896
203271750034_R05C01,0.112388039944771,0.240958924561875,0,0.114223175230825,0.0402719932080596,0.506167732054962
203271750034_R06C01,0.147032056008294,0.13751321086764,0,0.0753812782416411,0.0734865954619181,0.59551168405156
203271750034_R07C01,0.0949426382611616,0.178108853929204,0.0148951213822475,0.0631996445424196,0.0506818178250406,0.615182205327729
203271750034_R08C01,0.0957115901293727,0.223080343167831,3.46944695195361e-18,0.0592635441455664,0.0413839618058793,0.603575834666631
203271750049_R01C01,0.172992021206203,0.167337999701423,0.0130094537983062,0.0925577836599372,0.0612422941962858,0.512055129297623
203271750049_R02C01,0.135014313183012,0.190259146894661,0,0.16994798343189,0.0682421710768522,0.464946515608515
203271750049_R03C01,0.0594658591444254,0.0457094497227298,0.00941613730749456,0.0469083751723284,0.078676451216052,0.774433542691589
203271750049_R04C01,0.101643414865179,0.127269946464558,0.0600718639726322,0.109769052103769,0.0557657323990854,0.569762015347474
203271750049_R05C01,0.0791898485428569,0.1285087284181,0.0241316276828103,0.103099191088443,0.0696380668152288,0.618833843174938
203271750049_R06C01,0.128677777170372,0.206674958196155,0.035917887840249,0.0632839199938403,0.0599446862574608,0.532936649008589
203271750049_R07C01,0.0841179528279165,0.112843318903252,0.054975179514418,0.0862707646484006,0.097655488781425,0.58499488068003
203271750049_R08C01,0.13079893649983,0.211147375934788,0.0603296509950008,0.0679538483458315,0.0522336191233759,0.505037728668132
203271750050_R01C01,0.100989740556807,0.0848716795370166,0.0760268924564023,0.0676495743932762,0.0532020711175959,0.643649066267768
203271750050_R02C01,0.129889238642024,0.164639494532937,0.0524890602591082,0.0712014114940115,0.0633861224360057,0.537242141418352
203271750050_R03C01,0.0896726960666825,0.147367028400412,0.0260440686281056,0.0612798787445188,0.0929200328167885,0.601717625907506
203271750050_R04C01,0.129368658360552,0.184058852064349,0.0574103249782585,0.0732420291633843,0.0817596348910839,0.496427671237883
203271750050_R05C01,0.146464564580044,0.149256183394374,0,0.0743269326228282,0.0398445279796178,0.608251730424713
203271750050_R06C01,0.0968707548742847,0.107075504368476,0.0102114736203528,0.0881396366821697,0.0536976895963382,0.664509329706179
203271750050_R07C01,0.122303630362659,0.205170524329104,0.16656442979479,0.0736168937464963,0.0606566397858433,0.393067616122321
203271750050_R08C01,0.112539934712645,0.197460546282922,0,0.122898547372937,0.0411280111855777,0.547117209363662
203271750072_R01C01,0.139907560009536,0.177739011271662,0.0551379688095205,0.123904210964337,0.0681405295122472,0.47945486329613
203271750072_R02C01,0.106793516570616,0.143918848436241,0.00364022343763682,0.1491432154173,0.0561570783073981,0.567675552694881
203271750072_R03C01,0.133364720082901,0.169438798997082,0,0.142144043889139,0.0673324018447666,0.521262482086288
203271750072_R04C01,0.123004043713919,0.10762248451572,0.00199933172673507,0.0901031733827436,0.0654493722914939,0.627765655058423
203271750072_R05C01,0.131270491554791,0.154367229205817,0.00111377299121621,0.082747733344688,0.0988831727403311,0.560149709499414
203271750072_R06C01,0.237461045892345,0.230032869817774,0,0.100297879942018,0.0718566069894013,0.390801474398932
203271750072_R07C01,0.100102906255786,0.0857051561232986,0.00739672894986724,0.124529471902234,0.0789330369358593,0.630685722663404
203271750072_R08C01,0.0443744081386622,0.0420695416952279,8.67361737988404e-19,0.0588068117666681,0.0638436458343201,0.811354184204849
203271750086_R01C01,0.119410778879667,0.08994604598261,0.0192418423780708,0.056955477975235,0.0761698889786315,0.650864199048693
203271750086_R02C01,0.122187980755939,0.183918522245852,0.0186014755361398,0.151192076454605,0.092986299824007,0.455589379070821
203271750086_R03C01,0.0845021145286539,0.0581978928559437,0.0158990566424108,0.0532636923676464,0.0571128041413755,0.7523001905135
203271750086_R04C01,0.0884041195078043,0.176701703704799,0.0839821983309946,0.0956885788078605,0.0844467365879045,0.487224726940377
203271750086_R05C01,0.155281974463452,0.108482240986886,0.0438613095762336,0.0968839646861589,0.0965355118694415,0.530139570543812
203271750086_R06C01,0.0718910715587614,0.134589491742153,0.0466708629150589,0.072655658258074,0.0708098546734096,0.624971534236809
203271750086_R07C01,0.0600004808870844,0.130468502452449,0.0258736076695759,0.0985090008777045,0.0746048363494571,0.639079484174845
203271750086_R08C01,0.120413505990006,0.10690115805929,0.0427479978202527,0.0881596487325563,0.0700108660999597,0.605257050859079
203271750092_R01C01,0.0765205799080532,0.195329003155491,0.0268407252640242,0.0638726221296743,0.0651880552228298,0.585608036346359
203271750092_R02C01,0.11702049002689,0.130420489490171,0.0415918857605179,0.090486833284323,0.080249873006519,0.56043350420271
203271750092_R03C01,0.111115011119651,0.173989879997358,0,0.0630171467962683,0.0395095934818203,0.63148085832685
203271750092_R04C01,0.0904954787631315,0.162628722612214,0.0613890311469856,0.0947203158447234,0.0689735343696867,0.543209015399491
203271750092_R05C01,0.0735993022886484,0.201746603242509,0.0121073945986717,0.109789619563178,0.0609094279067457,0.562655275673006
203271750092_R06C01,0.103631659722313,0.201611130620204,0.0266811310953456,0.113835821877084,0.0526998616049585,0.52378673975719
203271750092_R07C01,0.156978358928383,0.284735496109556,0,0.143494901458376,0.0658784668027469,0.364920207806129
203271750092_R08C01,0.153141631971588,0.196355435350564,0.0278288935979194,0.146229278882627,0.0772914515631197,0.420643778588952
203271750153_R01C01,0.0963047464553007,0.0870565425743732,0.00454101537991332,0.0529203770964117,0.0688929270473968,0.708852019922524
203271750153_R02C01,0.0806220339467958,0.0745960448010529,0.0428244692750451,0.073306081221705,0.0461314069098281,0.706188795388723
203271750153_R03C01,0.12667398210852,0.108408866890684,0,0.0770637791712439,0.0491154849422134,0.660786404866377
203271750153_R04C01,0.0911601660311173,0.179025949066705,0.0183380059523429,0.111851335542707,0.0590215847191306,0.567007834308452
203271750153_R05C01,0.112780362746671,0.17727758646276,0.0106012352603057,0.11655719593944,0.0933365314777886,0.514235459740657
203271750153_R06C01,0.13720384453105,0.185538025589784,5.50698451903192e-05,0.127115269848962,0.0852523989008218,0.489208222838613
203271750153_R07C01,0.0872890855887429,0.139150465831898,0.0134671360688453,0.085422591105918,0.0652671326194568,0.639006247766742
203271750153_R08C01,0.0508307037752475,0.115933347939323,0.0565866931358126,0.0692836607270829,0.146210463425431,0.586488045395381
203273200035_R01C01,0.0744862951087487,0.145006229550549,0.0796346685974879,0.0697119818119498,0.0657996269860929,0.590836066526285
203273200035_R02C01,0.0684844352189441,0.117346490791016,0.0374899841255954,0.0826160263235549,0.057018156265769,0.668183003192442
203273200035_R03C01,0.117676919191756,0.152033689837647,0.0124134026158381,0.0805216676900595,0.0809415519299897,0.576735971577437
203273200035_R04C01,0.0361898029387947,0.197062369351157,0.0280450387515779,0.0998096846589301,0.0771177259475828,0.572066109695531
203273200035_R05C01,0.0920675504930584,0.123850275079394,0.00416073618763498,0.0657747600038163,0.0903650641316631,0.641862037885721
203273200035_R06C01,0.114709649447874,0.280166909289498,0.0202718334974656,0.175984452009729,0.0433358305546476,0.386383181952215
203273200035_R07C01,0.0868057418942313,0.184003740961049,0.0626522956544048,0.109717514687919,0.0880474640691854,0.47779353892659
203273200035_R08C01,0.103769235184917,0.200087949433377,0,0.0934196974645691,0.0430388419453518,0.582925687405927
203273200049_R01C01,0.0932572274779365,0.212838572852922,0.0303972678163416,0.0849004546586817,0.0734977859989578,0.515622445680281
203273200049_R02C01,0.0593553789935912,0.0942213172629666,0.0525457291441032,0.0652295052021112,0.114762087618961,0.625634800891914
203273200049_R03C01,0.0871463829466829,0.195958086459727,0,0.136149852332199,0.0861577840362207,0.507206001420497
203273200049_R04C01,0.0503243278827102,0.134377158908336,0.101075360092823,0.0609866525565356,0.069973725363043,0.591173503116181
203273200049_R05C01,0.0686046055240299,0.198605241982638,0.0199329558277569,0.129663018614829,0.0680906100574505,0.519403357018664
203273200049_R06C01,0.0766127759429585,0.0732214062132284,0,0.0533673625321974,0.0874648318520475,0.713031084047199
203273200049_R07C01,0.121769782606285,0.1336440208203,0.00287500461636554,0.124210659096427,0.057677309889489,0.561747238293203
203273200049_R08C01,0.149030718583268,0.16103962762645,0.00862968354123315,0.0897328536220954,0.076743344925756,0.538987411581787
203273200109_R01C01,0.0729906734766613,0.0820495949165195,8.67361737988404e-19,0.0368616000676726,0.0653971344977817,0.753241529480517
203273200109_R02C01,0.0468335609391314,0.108971002114559,0.0264326564465261,0.0527734951638559,0.091206138731219,0.678608504449361
203273200109_R03C01,0.0889641649632102,0.183011127585654,0.0135083147405924,0.0730779748810794,0.0858108534193257,0.563639041427499
203273200109_R04C01,0.0934439521315354,0.184172616099244,0.074983935969685,0.0796095838171496,0.107921981152813,0.465888100387641
203273200109_R05C01,0.0522877108031588,0.181699152667029,0.0195861327862422,0.0781895213537309,0.0625089376467684,0.608117460500639
203273200109_R06C01,0.0719156243440332,0.181122290108227,0.0373783946215818,0.0526846413988044,0.0626344919932892,0.592401985006884
203273200109_R07C01,0.0711011586582549,0.191970772987061,0.0512041576190215,0.125439897993994,0.0728155779105552,0.501514953194615
203273200109_R08C01,0.0526877881032927,0.0934650641262439,0.0544365914253738,0.0744322529918165,0.0804857824481605,0.656715948158212
203273200141_R01C01,0.0946648282242566,0.0912466789212564,0.0540597608114822,0.0630315157590004,0.0796091899236974,0.625019941218963
203273200141_R02C01,0.114930622626558,0.139291695786398,0.0732947427804583,0.101889426196446,0.0791826017158526,0.519843008658827
203273200141_R03C01,0.106048121671376,0.131596908967086,0.0109225513063775,0.0958805403592569,0.0343283261818709,0.625522952452191
203273200141_R04C01,0.0367316781143593,0.0748734069307137,0.102747841582942,0.0382447566643745,0.124954587281986,0.630967244416644
203273200141_R05C01,0.111932403713697,0.0861943886482627,0.016752296254362,0.052990492188969,0.078398755787238,0.652983015690016
203273200141_R06C01,0.0905853800877823,0.140570573759523,0.00103705851969547,0.126219720341744,0.0585100773152,0.599340988053713
203273200141_R07C01,0.0882728030745588,0.14701522155678,0.0259956075644762,0.109239400677652,0.0794014472326895,0.554100855768487
203273200141_R08C01,0.0939859942436515,0.191215364529847,0.0777576688937996,0.0566775782743188,0.0584960956430764,0.522327634385981
203273630074_R01C01,0.075057861701711,0.188178168918952,0.0605585814112214,0.0824477434902284,0.0949352449192672,0.514138533900937
203273630074_R02C01,0.0815648830370788,0.119450462324821,0,0.0906081470484643,0.13603756995,0.58324876875904
203273630074_R03C01,0.110635855399567,0.199545899577743,0,0.123981446604132,0.0489483895850506,0.530562809598856
203273630074_R04C01,0.161723764777053,0.123924688628522,0.00387950455234209,0.0549877107296439,0.0556155715018745,0.591390356777021
203273630074_R05C01,0.145028825409492,0.227894692853501,0.00598721088966027,0.103714002887518,0.0603797140235409,0.46966873527838
203273630074_R06C01,0.138975276170547,0.171529464535788,0,0.112882059722146,0.0489430135834916,0.542319737978993
203273630074_R07C01,0.112383529640322,0.219485679941675,0,0.10796481179113,0.0593391819068292,0.519483241957164
203273630074_R08C01,0.14113975311998,0.165702039889714,0.00582337508999243,0.0860516303692484,0.0872831081895761,0.529662192474452
203273630149_R01C01,0.0856013521175174,0.142381045285042,0.00305667549778695,0.0811237689812249,0.0845693667428408,0.611251631914777
203273630149_R02C01,0.0900458753718244,0.101738628673434,0.0341541255409357,0.132824531998017,0.0792636570431312,0.577248362952796
203273630149_R03C01,0.113312340645261,0.154673868445486,0.0812568593470197,0.146095507456019,0.0570105987660895,0.462321510745649
203273630149_R04C01,0.138434794496789,0.196029885548838,0.0582991121445045,0.0670679882635707,0.0840392067731635,0.461816375690659
203273630149_R05C01,0.0462249733380824,0.128610703752603,0.00559394390069354,0.0599041623684601,0.0600230539232449,0.703304010413155
203273630149_R06C01,0.116389445784164,0.189541221441167,0.0639589784575166,0.100257467599576,0.0517794827341131,0.493368084091142
203273630149_R07C01,0.0793063512896565,0.0956426371693923,0,0.117813439005464,0.0626136648016489,0.662060956177809
203273630149_R08C01,0.117611614704456,0.137955274167296,0.00462804523484015,0.0758310773930848,0.0993450333975411,0.564738692763013
203273630263_R01C01,0.119206894967396,0.139558526975806,0.0122877258876719,0.106638832214312,0.0947660796613133,0.546678655132029
203273630263_R02C01,0.156020020359494,0.218964717455747,0.0238005150339306,0.0996324601977102,0.0353848775039231,0.504886587943801
203273630263_R03C01,0.09134893603708,0.0899146328790331,0.0291336091602029,0.0920030505343746,0.0847766380722654,0.636171152440449
203273630263_R04C01,0.131814163254482,0.10280524594022,0,0.0347848302132908,0.0587249284406354,0.668584584068039
203273630263_R05C01,0.104045941053004,0.152324265587388,0.0301232405272752,0.0815204250285155,0.0697732933841881,0.579948099804416
203273630263_R06C01,0.096733700659055,0.174897422723639,0.00128589806020899,0.0798815910092518,0.0686462640407264,0.590033425057297
203273630263_R07C01,0.157040026214708,0.212856141810295,0.00159496716953752,0.143133914209152,0.0439119544474781,0.459573257182
203273630263_R08C01,0.119657081585092,0.145700007298088,0.024413582463501,0.177104714919188,0.0637175834372963,0.49491438419724
203273630264_R01C01,0.111502833474184,0.126897635261083,0.00634020297270298,0.138612922023248,0.0334468820042148,0.605877789919769
203273630264_R02C01,0.122500512532241,0.110330660648573,0.0228085290694549,0.0823419387142444,0.126758228100995,0.550515989581829
203273630264_R03C01,0.0783190131820055,0.125666259286574,0.0130489773285717,0.0956446358254709,0.0687495420033659,0.641283428815809
203273630264_R04C01,0.0994594306757667,0.121003060959353,0.0172699060146309,0.109153086136147,0.0896861081223853,0.573283863341564
203273630264_R05C01,0.158917869942767,0.124165751209002,0.107548319813112,0.0535104372550549,0.077553752074948,0.486997921011097
203273630264_R06C01,0.119129051611025,0.149609098382156,0.0675579479871417,0.052829905347756,0.109904387016438,0.511931332029107
203273630264_R07C01,0.102506747417802,0.128942350957968,0.0458836220404349,0.0924020699318655,0.0683200501740796,0.578250556943858
203273630264_R08C01,0.0441119475321029,0.117679226210439,0.0904201311214225,0.0758171242202127,0.0716284851758799,0.615648562285441
203293640009_R01C01,0.110328951922785,0.108260098709162,0.0151566066878791,0.130716631656079,0.0845108352103867,0.567301211266498
203293640009_R02C01,0.0586131177234624,0.0855965970324164,0.0168624486368046,0.0683271351969768,0.0870585225066242,0.694796931468325
203293640009_R03C01,0.136303284403754,0.112100436920148,0.0972086960057318,0.0973981986433988,0.0602452899237423,0.525001071211977
203293640009_R04C01,0.11027970191863,0.225737433589264,0,0.128991340648401,0.0627237770176248,0.486748458425642
203293640009_R05C01,0.123206277784726,0.151860394709004,0.0358758187910723,0.0744064126234239,0.0624491089097218,0.571257485287472
203293640009_R06C01,0.0551716002892283,0.0954025857212452,0.0966311766691494,0.0596541977163953,0.0640186118972015,0.641654489727766
203293640009_R07C01,0.00805859783584654,0.0572331662117039,0,0.0606944408236348,0.116204346061246,0.75836570589224
203293640009_R08C01,0.121732984811925,0.177263873605632,0.053646067738979,0.0530497365724417,0.0498902709372701,0.561415191032619
203293640012_R01C01,0.050089931465397,0.126580633116336,0.0312598214102013,0.0516511511497278,0.0961529171017926,0.65847412656256
203293640012_R02C01,0.130228754138929,0.186505774541273,0.0327542432006556,0.0695155230414443,0.0286749293602091,0.569203579682932
203293640012_R03C01,0.0386161745522601,0.123219863882463,0.050157258964989,0.0946292774473629,0.0704174560182198,0.643856852800204
203293640012_R04C01,0.0911444539910421,0.129048199487155,0.0458352719379355,0.0850193543301806,0.082447692604967,0.592422086848682
203293640012_R05C01,0.0453258561862869,0.0901298420098732,0.0040373105137429,0.079986056806765,0.0781809283216155,0.719685275555629
203293640012_R06C01,0.0664018137534048,0.115100309218234,0.0325578666562698,0.066524224928175,0.0733728690625664,0.65826005713016
203293640012_R07C01,0.106530534355592,0.108408118100214,0.0656248394620496,0.0945124038715267,0.0816290378146769,0.555153321846193
203293640012_R08C01,0.058597065433336,0.109050097778586,0.0555727869539983,0.0699640255744027,0.0563762643374176,0.666111524647164
203293640035_R01C01,0.0858378200792636,0.176227894531423,0.0251437274125291,0.112796508517596,0.0807441452583918,0.545167421312484
203293640035_R02C01,0.111666137669654,0.158743132156905,0.0533285096143468,0.068139369094677,0.0676223855363357,0.558964432921373
203293640035_R03C01,0.10783150938227,0.174434877913116,0,0.143199268626373,0.0652296049023876,0.528180076281423
203293640035_R04C01,0.0962295892520763,0.0745570830116241,0.0309354741528826,0.0751747002769598,0.0679952982117051,0.675300964739399
203293640035_R05C01,0.067175784071857,0.149304149180119,0.0611538252703201,0.108408111816617,0.0794779383330547,0.554991977368279
203293640035_R06C01,0.114838961917197,0.269671835201409,0.0877933290101812,0.106370162699464,0.0711831015148812,0.37146148356075
203293640035_R07C01,0.11465447676167,0.221915291575228,0.0105583400098474,0.0955274026002663,0.0761739019179272,0.505295052528674
203293640035_R08C01,0.143368803278324,0.161053373357934,0.0083247205300623,0.0893932750493711,0.0646201654385112,0.560088380424507
203293640042_R01C01,0.101904816377393,0.106308429659551,0.0361095554478297,0.0611642572059255,0.0534293024584538,0.65896329168472
203293640042_R02C01,0.109474419211514,0.149942339432687,0.0954942694231133,0.0765283143708525,0.0753979717751489,0.501240691062121
203293640042_R03C01,0.0883156931157732,0.115514300338506,0.0146298888555152,0.0642604028526298,0.0871557850881125,0.640759966837204
203293640042_R04C01,0.045293373529418,0.110699085695588,0.0158605292588006,0.115652989029199,0.0951506584469104,0.617524699945103
203293640042_R05C01,0.0723747566685458,0.189164155447087,0.0277020051256986,0.109349093902897,0.067956005947506,0.544269142889144
203293640042_R06C01,0.0682487731209963,0.112099413385987,0.0408914183072451,0.066312632256557,0.097377104882138,0.631770534919743
203293640042_R07C01,0.108516622923505,0.236952586844831,0,0.0763636894773421,0.064275513292678,0.531902663707904
203293640042_R08C01,0.230196727565881,0.206065179750034,0.0448482363155622,0.121862194283959,0.00997027086198341,0.415959848421574
203293640045_R01C01,0.131460915913026,0.230034216838731,0,0.105824824475045,0.0517372325817352,0.503745245452444
203293640045_R02C01,0.0604791566447314,0.168681561044402,0.0995858141967144,0.0944566221802436,0.090719162857157,0.507512406956164
203293640045_R03C01,0.116043362035849,0.181338787448994,1.73472347597681e-18,0.0714167572748843,0.0710577815083927,0.575680489867387
203293640045_R04C01,0.0643157023797209,0.114088083957718,0,0.0369413969126448,0.0494750949304125,0.751837468474335
203293640045_R05C01,0.0993029720048243,0.103830614671265,0.0506017867970419,0.0863306362868304,0.0826225721985229,0.596501071255114
203293640045_R06C01,0.0574651653955654,0.131404975651872,0.0745176819986608,0.118026845878481,0.0646492630176998,0.57256893866991
203293640045_R07C01,0.0675412344793122,0.109561355714087,0.0918285439099971,0.0978144910211784,0.106513929459602,0.549955151642168
203293640045_R08C01,0.120680024208362,0.171484185304666,0.0160784784145227,0.0955918619041982,0.0644457872786124,0.552440454076277
203293640097_R01C01,0.0812309357180332,0.125437454559701,0.0190505301267519,0.0755098517592996,0.0915480195511258,0.637122061007573
203293640097_R02C01,0.156083885223805,0.20553227509683,0.00368654007001301,0.0990087122788987,0.064559498312247,0.498129241725561
203293640097_R03C01,0.138796562280998,0.218370409058017,0,0.0793375198045936,0.0525732107499308,0.535682314978613
203293640097_R04C01,0.0655375878981077,0.102344257310394,0.0546905959228241,0.0589766611685819,0.0767997035220522,0.669582277728404
203293640097_R05C01,0.116807668610264,0.166737252647299,0.0550162723472024,0.0906764864775005,0.0614716130553373,0.534436554100493
203293640097_R06C01,0.123234225490084,0.164695551646328,0.0252642024654431,0.105918797570275,0.171750627911682,0.440048188149457
203293640097_R07C01,0.0911875985011344,0.11295888264773,0.0265458374571611,0.0987149185586268,0.0404069673363267,0.65416695373627
203293640097_R08C01,0.164645380370154,0.15788328710331,0.0619323414335444,0.0961245245557252,0.0549861235582715,0.503599377535436
203293640106_R01C01,0.0993538760666043,0.124958267722682,0,0.123512046442625,0.0961957178565921,0.584911252008799
203293640106_R02C01,0.113101302082579,0.171351428487648,0.0725839157318088,0.120742372954883,0.0533972838040817,0.490469962146328
203293640106_R03C01,0.0945031912006655,0.101109956149156,0.00068721340627612,0.0654778151603434,0.080848638206468,0.679723694733267
203293640106_R04C01,0.107582650800117,0.114075620267638,0.0138458122798267,0.12003973858458,0.0696054300583031,0.60145966105783
203293640106_R05C01,0.132858202070099,0.117322415027351,0.0383538151950101,0.103803439994383,0.0524459370679732,0.578448503601895
203293640106_R06C01,0.113214883190654,0.138848347310312,0.0390706317231319,0.0879745245605069,0.0812732939334967,0.569976016311064
203293640106_R07C01,0.092618595571126,0.137131034447949,0.090624888709044,0.0953440435052919,0.0844089537537674,0.536561285245835
203293640106_R08C01,0.151428585835285,0.255106544400372,0,0.113644278448365,0.0536840922070448,0.460740646371639
203293640124_R01C01,0.147047821030112,0.0936691274007365,0.0103695246055278,0.130164021833101,0.0684237167695864,0.583988525477189
203293640124_R02C01,0.118101182239677,0.155431437116267,0.0639012014223277,0.0699385591102762,0.0547913051279532,0.577137934665638
203293640124_R03C01,0.0838052559684583,0.22700895706012,0.205301633732552,0.0946780686296821,0.100942688199821,0.316224463688947
203293640124_R04C01,0.0351553323002137,0.0635456218264995,0.0556639973872369,0.048823540753972,0.0891678137157421,0.731557314966534
203293640124_R05C01,0.137295461053064,0.190364501161787,0.0485972534931721,0.14721295707475,0.0599829783503727,0.44745495890809
203293640124_R06C01,0.145688787937889,0.201170489283245,0,0.103727154836456,0.0711858572743616,0.508213942200801
203293640124_R07C01,0.129061936801006,0.118835045636687,0.0625897132329394,0.150273928598708,0.0595755801747667,0.517153021900953
203293640124_R08C01,0.0999982298210552,0.143241719522034,0.0478782619336857,0.108605954969596,0.0542188080948225,0.58416556110153
203293640125_R01C01,0.148475472354849,0.109331820664323,0.0209905389227462,0.0821162114990925,0.0963293721449034,0.571792237993035
203293640125_R02C01,0.157677571978561,0.134622070610123,0.0500461689042332,0.119892157598148,0.0710199699059591,0.501054047804303
203293640125_R03C01,0.229316324392909,0.245854453525884,0.0450973016105303,0.0835911225026969,0.101334346916954,0.337578725613787
203293640125_R04C01,0.110576127403202,0.143616568373261,0.0252105827442001,0.10922843941023,0.0846709139393109,0.556359023418659
203293640125_R05C01,0.192611540627861,0.173396408798076,0.00298688357019485,0.134679223826141,0.0557217996482975,0.468666293749359
203293640125_R06C01,0.185133354984703,0.236510935253001,0.0242776935656132,0.16686970798057,0.041245472143337,0.393454960986305
203293640125_R07C01,0.180002631674796,0.120877774387135,0.020380506122277,0.0837286167108575,0.0924767195164622,0.536815800259352
203293640125_R08C01,0.097651597695168,0.183591719854918,0.0373221511928239,0.174638994679972,0.053356247378438,0.491873758739537
203299670087_R01C01,0.0996937197820687,0.153465892315548,0,0.0848144233966426,0.079684014718892,0.596758957190703
203299670087_R02C01,0.0550405696152772,0.0661041781301027,0.0131002009857889,0.0861676760353342,0.0850839622101439,0.714946551981836
203299670087_R03C01,0.155006698239639,0.21123447018505,0,0.118986779622829,0.0390524221172187,0.499044193833849
203299670087_R04C01,0.168389682670397,0.217007522403988,0,0.0536159969358035,0.068588289520548,0.49095825310421
203299670087_R05C01,0.0588530728455383,0.120720710721736,0.0142400939461512,0.0721551394885263,0.0902244164673217,0.656333461615253
203299670087_R06C01,0.106342647040559,0.0423053558417027,0.00406043781140138,0.0437466244478496,0.111562775801781,0.708638275465329
203299670087_R07C01,0.118578355193468,0.120409868457737,0.00672385348727993,0.135896587405672,0.0754277922414682,0.56904771683705
203299670087_R08C01,0.085968558570139,0.108857494185084,0.11014675836369,0.0736931039215224,0.0549746866510353,0.584067806050371
204234730084_R01C01,0.130149552583837,0.168588990592969,0.00208501464164233,0.0976126789200943,0.0746504295467094,0.542032415859527
204234730084_R02C01,0.071508619856969,0.174612950088753,0,0.154478683306275,0.0685500388829672,0.544387235612852
204234730084_R03C01,0.157920209669195,0.266481260823456,0,0.165401911836743,0.0366873976439267,0.391680091241669
204234730084_R04C01,0.138596199723887,0.155570119764467,0,0.130923983392461,0.0570855462968384,0.522563046701239
204234730084_R05C01,0.0427456202002354,0.132657173992744,0.0624587019071708,0.10251839370476,0.0891228812147184,0.57574132040204
204234730084_R06C01,0.110210785351019,0.194274506180885,0.00574947270217988,0.100879389778725,0.0653952519942317,0.536318825891811
204234730084_R07C01,0.103918760247439,0.286011564781637,0.0366498434525255,0.0661991130287951,0.04596481578063,0.477297709229349
204234730084_R08C01,0.0493530429351132,0.097838277704355,3.46944695195361e-18,0.0825978664862286,0.0533249594050479,0.732487246367713
